<?xml version="1.0" encoding="UTF-8"?>
<beans xmlns="http://www.springframework.org/schema/beans"
	xmlns:xsi="http://www.w3.org/2001/XMLSchema-instance"
	xsi:schemaLocation="http://www.springframework.org/schema/beans http://www.springframework.org/schema/beans/spring-beans-3.0.xsd
						http://www.springframework.org/schema/jdbc  http://www.springframework.org/schema/jdbc/spring-jdbc-3.0.xsd">
    
    <!-- 192.168.10.210;DatabaseName=YDMES :: 61.110.154.249;DatabaseName=BMTMES -->
    <bean id="dataSourceSpied" class="org.springframework.jdbc.datasource.DriverManagerDataSource">
        <property name="driverClassName" value="com.microsoft.sqlserver.jdbc.SQLServerDriver"/>
        <property name="url" value="jdbc:sqlserver://118.67.143.32;DatabaseName=ControlSystem_GPS2020;encrypt=true;trustServerCertificate=true"/>
        <property name="username" value="azure"/>
        <property name="password" value="q1w2e3r4!"/>
    </bean>
    
    <bean id="dataSource" class="net.sf.log4jdbc.Log4jdbcProxyDataSource">
		<constructor-arg ref="dataSourceSpied" />
		<property name="logFormatter">
			<bean class="net.sf.log4jdbc.tools.Log4JdbcCustomFormatter">
				<property name="loggingType" value="MULTI_LINE" />
				<property name="sqlPrefix"   value="SQL     : " />
			</bean>
		</property>
	</bean>
</beans>